<?xml version="1.0" encoding="utf-8"?>
<ModMetaData>
	<name>Medieval Overhaul - Component Replacement Patch</name>
	<packageId>Jabba.MOComponentRep</packageId>
	<supportedVersions>
		<li>1.4</li>
	</supportedVersions>
	<author>JabbaTheTrump</author>
	<loadAfter>
		<li>Ludeon.RimWorld.Royalty</li>
		<li>Ludeon.RimWorld.Ideology</li>
		<li>Ludeon.RimWorld.Biotech</li>
		<li>DankPyon.Medieval.Overhaul</li>
	</loadAfter>
	<modDependencies>
	  <li>
		  <packageId>DankPyon.Medieval.Overhaul</packageId>
		  <displayName>Medieval Overhaul</displayName>
		  <steamWorkshopUrl>https://steamcommunity.com/workshop/filedetails/?id=2553700067</steamWorkshopUrl>
	  </li>
	</modDependencies>
	<description>Replaces components from recipes with Medieval Overhaul's basic components.</description>
</ModMetaData>